100.0 ,0.0 ,0.0 ,0.0 ,0.0 ,0.0 ,0.0 ,0.0 ,0.0 ,0.0 ,0.0 ,0.0 ,1.654,1.525,0.146
0.0 ,100.0 ,0.0 ,0.0 ,0.0 ,0.0 ,0.0 ,0.0 ,0.0 ,0.0 ,0.0 ,0.0 ,0.669,0.45,0.037
0.0 ,0.0 ,100.0 ,0.0 ,0.0 ,0.0 ,0.0 ,0.0 ,0.0 ,0.0 ,0.0 ,0.0 ,0.353,0.239,0.035
0.0 ,0.0 ,0.0 ,100.0 ,0.0 ,0.0 ,0.0 ,0.0 ,0.0 ,0.0 ,0.0 ,0.0 ,0.177,0.136,0.084
0.0 ,0.0 ,0.0 ,0.0 ,100.0 ,0.0 ,0.0 ,0.0 ,0.0 ,0.0 ,0.0 ,0.0 ,0.099,0.048,0.044
0.0 ,0.0 ,0.0 ,0.0 ,0.0 ,100.0 ,0.0 ,0.0 ,0.0 ,0.0 ,0.0 ,0.0 ,3,3,2.125
0.0 ,0.0 ,0.0 ,0.0 ,0.0 ,0.0 ,100.0 ,0.0 ,0.0 ,0.0 ,0.0 ,0.0 ,0.314,0.276,0.044
0.0 ,0.0 ,0.0 ,0.0 ,0.0 ,0.0 ,0.0 ,100.0 ,0.0 ,0.0 ,0.0 ,0.0 ,0.064,0.042,0.029
0.0 ,0.0 ,0.0 ,0.0 ,0.0 ,0.0 ,0.0 ,0.0 ,100.0 ,0.0 ,0.0 ,0.0 ,0.394,0.198,0.074
0.0 ,0.0 ,0.0 ,0.0 ,0.0 ,0.0 ,0.0 ,0.0 ,0.0 ,100.0 ,0.0 ,0.0 ,0.254,0.071,0.002
0.0 ,0.0 ,0.0 ,0.0 ,0.0 ,0.0 ,0.0 ,0.0 ,0.0 ,0.0 ,100.0 ,0.0 ,0.839,0.773,0.068
0.0 ,0.0 ,0.0 ,0.0 ,0.0 ,0.0 ,0.0 ,0.0 ,0.0 ,0.0 ,0.0 ,100.0 ,0.09,0.047,0.039
4.0 ,26.0 ,0.0 ,25.0 ,5.0 ,1.0 ,4.0 ,12.0 ,4.0 ,0.0 ,8.0 ,11.0 ,0.262,0.145,0.065
34.0 ,5.0 ,6.0 ,2.0 ,2.0 ,6.0 ,11.0 ,0.0 ,7.0 ,0.0 ,7.0 ,20.0 ,0.777,0.711,0.072
15.0 ,16.0 ,4.0 ,10.0 ,10.0 ,7.0 ,4.0 ,16.0 ,9.0 ,1.0 ,3.0 ,5.0 ,0.117,0.07,0.05
13.0 ,4.0 ,26.0 ,4.0 ,9.0 ,6.0 ,3.0 ,10.0 ,6.0 ,8.0 ,5.0 ,6.0 ,0.157,0.111,0.027
5.0 ,2.0 ,14.0 ,9.0 ,4.0 ,3.0 ,2.0 ,3.0 ,5.0 ,11.0 ,3.0 ,39.0 ,1.382,1.435,0.102
6.0 ,5.0 ,1.0 ,2.0 ,19.0 ,10.0 ,6.0 ,2.0 ,23.0 ,2.0 ,0.0 ,24.0 ,0.996,0.919,0.029
12.0 ,44.0 ,4.0 ,0.0 ,5.0 ,9.0 ,4.0 ,6.0 ,2.0 ,0.0 ,13.0 ,1.0 ,0.176,0.075,0.043
11.0 ,9.0 ,4.0 ,0.0 ,2.0 ,17.0 ,5.0 ,2.0 ,23.0 ,3.0 ,1.0 ,23.0 ,0.546,0.48,0.061
5.0 ,27.0 ,2.0 ,3.0 ,29.0 ,3.0 ,7.0 ,8.0 ,2.0 ,3.0 ,1.0 ,10.0 ,0.331,0.215,0.063
19.0 ,3.0 ,2.0 ,1.0 ,0.0 ,24.0 ,5.0 ,20.0 ,18.0 ,3.0 ,0.0 ,5.0 ,0.12,0.088,0.052
3.0 ,1.0 ,8.0 ,3.0 ,19.0 ,19.0 ,11.0 ,21.0 ,5.0 ,2.0 ,1.0 ,7.0 ,0.121,0.091,0.06
12.0 ,1.0 ,17.0 ,17.0 ,5.0 ,11.0 ,1.0 ,8.0 ,5.0 ,3.0 ,8.0 ,12.0 ,0.083,0.057,0.029
2.0 ,10.0 ,4.0 ,5.0 ,27.0 ,22.0 ,1.0 ,16.0 ,3.0 ,1.0 ,8.0 ,1.0 ,0.351,0.132,0.072
12.0 ,3.0 ,7.0 ,0.0 ,17.0 ,1.0 ,26.0 ,11.0 ,6.0 ,9.0 ,7.0 ,1.0 ,0.323,0.136,0.01
6.0 ,11.0 ,0.0 ,0.0 ,0.0 ,20.0 ,21.0 ,3.0 ,3.0 ,8.0 ,22.0 ,6.0 ,0.191,0.081,0.04
0.0 ,20.0 ,2.0 ,3.0 ,22.0 ,12.0 ,0.0 ,12.0 ,13.0 ,10.0 ,6.0 ,0.0 ,0.126,0.089,0.052
10.0 ,7.0 ,10.0 ,30.0 ,8.0 ,5.0 ,1.0 ,19.0 ,5.0 ,2.0 ,3.0 ,0.0 ,0.081,0.062,0.055
4.0 ,19.0 ,0.0 ,10.0 ,2.0 ,8.0 ,10.0 ,10.0 ,2.0 ,5.0 ,22.0 ,8.0 ,0.154,0.088,0.062
11.0 ,7.0 ,3.0 ,5.0 ,4.0 ,10.0 ,1.0 ,3.0 ,2.0 ,16.0 ,23.0 ,15.0 ,0.241,0.156,0.062
1.0 ,1.0 ,1.0 ,0.0 ,5.0 ,31.0 ,12.0 ,7.0 ,4.0 ,5.0 ,11.0 ,22.0 ,0.105,0.068,0.037
9.0 ,0.0 ,4.0 ,9.0 ,3.0 ,0.0 ,0.0 ,6.0 ,12.0 ,13.0 ,23.0 ,21.0 ,1.126,0.87,0.109
2.0 ,0.0 ,0.0 ,11.0 ,1.0 ,7.0 ,28.0 ,24.0 ,16.0 ,1.0 ,8.0 ,2.0 ,0.198,0.025,0.003
3.0 ,9.0 ,4.0 ,16.0 ,8.0 ,14.0 ,5.0 ,5.0 ,1.0 ,7.0 ,9.0 ,19.0 ,0.219,0.088,0.044
0.0 ,2.0 ,11.0 ,2.0 ,0.0 ,0.0 ,9.0 ,14.0 ,0.0 ,6.0 ,37.0 ,19.0 ,1.287,1.485,0.119
4.0 ,7.0 ,2.0 ,2.0 ,12.0 ,1.0 ,3.0 ,6.0 ,1.0 ,13.0 ,37.0 ,12.0 ,0.514,0.455,0.074
14.0 ,3.0 ,1.0 ,3.0 ,8.0 ,11.0 ,2.0 ,15.0 ,1.0 ,23.0 ,1.0 ,18.0 ,0.215,0.13,0.057
1.0 ,4.0 ,11.0 ,1.0 ,3.0 ,2.0 ,4.0 ,6.0 ,27.0 ,23.0 ,8.0 ,10.0 ,0.264,0.213,0.053
5.0 ,13.0 ,2.0 ,6.0 ,19.0 ,6.0 ,13.0 ,0.0 ,7.0 ,14.0 ,0.0 ,15.0 ,0.384,0.384,0.031
22.0 ,11.0 ,10.0 ,3.0 ,4.0 ,6.0 ,3.0 ,28.0 ,0.0 ,1.0 ,8.0 ,4.0 ,0.393,0.15,0.085
7.0 ,1.0 ,6.0 ,8.0 ,9.0 ,31.0 ,4.0 ,10.0 ,1.0 ,1.0 ,1.0 ,21.0 ,0.19,0.048,0.011
2.0 ,2.0 ,0.0 ,13.0 ,5.0 ,5.0 ,10.0 ,14.0 ,25.0 ,0.0 ,22.0 ,2.0 ,0.151,0.061,0.039
3.0 ,3.0 ,9.0 ,7.0 ,28.0 ,9.0 ,3.0 ,13.0 ,0.0 ,6.0 ,19.0 ,0.0 ,0.096,0.055,0.045
1.0 ,0.0 ,13.0 ,7.0 ,11.0 ,0.0 ,2.0 ,11.0 ,37.0 ,4.0 ,5.0 ,9.0 ,0.179,0.142,0.055
9.0 ,9.0 ,2.0 ,4.0 ,25.0 ,13.0 ,18.0 ,5.0 ,2.0 ,7.0 ,6.0 ,0.0 ,0.133,0.078,0.051
0.0 ,4.0 ,31.0 ,8.0 ,0.0 ,1.0 ,26.0 ,2.0 ,9.0 ,13.0 ,2.0 ,4.0 ,0.212,0.167,0.057
25.0 ,1.0 ,3.0 ,17.0 ,2.0 ,0.0 ,9.0 ,0.0 ,14.0 ,5.0 ,11.0 ,13.0 ,0.276,0.214,0.034
11.0 ,0.0 ,10.0 ,6.0 ,8.0 ,0.0 ,20.0 ,17.0 ,5.0 ,3.0 ,5.0 ,15.0 ,0.55,0.319,0.077
4.0 ,9.0 ,1.0 ,23.0 ,7.0 ,1.0 ,2.0 ,3.0 ,35.0 ,9.0 ,4.0 ,2.0 ,0.145,0.024,0.004
0.0 ,0.0 ,36.0 ,4.0 ,1.0 ,12.0 ,7.0 ,3.0 ,12.0 ,4.0 ,13.0 ,8.0 ,0.196,0.111,0.038
6.0 ,28.0 ,11.0 ,0.0 ,1.0 ,6.0 ,2.0 ,20.0 ,9.0 ,0.0 ,6.0 ,11.0 ,0.196,0.128,0.05
10.0 ,5.0 ,6.0 ,15.0 ,0.0 ,1.0 ,6.0 ,3.0 ,10.0 ,4.0 ,19.0 ,21.0 ,0.524,0.463,0.071
5.0 ,16.0 ,10.0 ,17.0 ,2.0 ,2.0 ,2.0 ,12.0 ,9.0 ,7.0 ,8.0 ,10.0 ,0.169,0.105,0.049
9.0 ,8.0 ,9.0 ,1.0 ,0.0 ,6.0 ,18.0 ,9.0 ,25.0 ,6.0 ,6.0 ,3.0 ,0.16,0.115,0.052
0.0 ,22.0 ,16.0 ,0.0 ,23.0 ,1.0 ,6.0 ,9.0 ,0.0 ,2.0 ,12.0 ,9.0 ,0.471,0.459,0.026
3.0 ,4.0 ,12.0 ,2.0 ,2.0 ,9.0 ,27.0 ,10.0 ,7.0 ,23.0 ,1.0 ,0.0 ,0.4,0.167,0.069
0.0 ,1.0 ,16.0 ,1.0 ,14.0 ,16.0 ,23.0 ,5.0 ,17.0 ,1.0 ,6.0 ,0.0 ,0.213,0.077,0.007
19.0 ,2.0 ,4.0 ,7.0 ,7.0 ,25.0 ,0.0 ,12.0 ,12.0 ,4.0 ,6.0 ,2.0 ,0.134,0.066,0.043
0.0 ,2.0 ,2.0 ,0.0 ,7.0 ,22.0 ,8.0 ,20.0 ,1.0 ,23.0 ,5.0 ,10.0 ,0.119,0.065,0.045
7.0 ,5.0 ,12.0 ,12.0 ,8.0 ,2.0 ,9.0 ,1.0 ,2.0 ,17.0 ,17.0 ,8.0 ,0.187,0.146,0.058
12.0 ,14.0 ,6.0 ,14.0 ,19.0 ,10.0 ,9.0 ,1.0 ,10.0 ,1.0 ,2.0 ,2.0 ,0.109,0.074,0.051
6.0 ,2.0 ,12.0 ,8.0 ,5.0 ,6.0 ,6.0 ,27.0 ,4.0 ,3.0 ,19.0 ,2.0 ,0.091,0.072,0.054
1.0 ,3.0 ,5.0 ,2.0 ,0.0 ,1.0 ,5.0 ,7.0 ,31.0 ,25.0 ,7.0 ,13.0 ,0.31,0.243,0.027
3.0 ,13.0 ,11.0 ,9.0 ,2.0 ,20.0 ,28.0 ,7.0 ,1.0 ,0.0 ,2.0 ,4.0 ,0.367,0.15,0.073
25.0 ,5.0 ,2.0 ,0.0 ,14.0 ,4.0 ,13.0 ,2.0 ,4.0 ,4.0 ,24.0 ,3.0 ,0.401,0.197,0.011
11.0 ,10.0 ,16.0 ,16.0 ,0.0 ,14.0 ,11.0 ,1.0 ,9.0 ,7.0 ,0.0 ,5.0 ,0.166,0.072,0.041
17.0 ,3.0 ,4.0 ,0.0 ,2.0 ,15.0 ,9.0 ,8.0 ,6.0 ,26.0 ,7.0 ,3.0 ,0.123,0.074,0.042
11.0 ,6.0 ,4.0 ,4.0 ,3.0 ,24.0 ,14.0 ,4.0 ,1.0 ,6.0 ,12.0 ,11.0 ,0.149,0.088,0.052
0.0 ,27.0 ,7.0 ,10.0 ,1.0 ,17.0 ,1.0 ,3.0 ,7.0 ,9.0 ,2.0 ,16.0 ,0.148,0.083,0.049
12.0 ,0.0 ,12.0 ,0.0 ,24.0 ,1.0 ,10.0 ,1.0 ,16.0 ,3.0 ,6.0 ,15.0 ,0.76,0.92,0.06
8.0 ,7.0 ,1.0 ,2.0 ,2.0 ,7.0 ,4.0 ,15.0 ,9.0 ,0.0 ,38.0 ,7.0 ,0.147,0.11,0.028
5.0 ,0.0 ,16.0 ,0.0 ,1.0 ,3.0 ,0.0 ,1.0 ,5.0 ,38.0 ,26.0 ,5.0 ,0.515,0.277,0.087
2.0 ,0.0 ,7.0 ,0.0 ,3.0 ,8.0 ,24.0 ,3.0 ,46.0 ,1.0 ,0.0 ,6.0 ,0.278,0.129,0.01
43.0 ,7.0 ,6.0 ,0.0 ,18.0 ,8.0 ,2.0 ,0.0 ,4.0 ,4.0 ,3.0 ,5.0 ,0.507,0.375,0.062
8.0 ,17.0 ,5.0 ,1.0 ,13.0 ,3.0 ,15.0 ,0.0 ,3.0 ,1.0 ,16.0 ,18.0 ,0.759,0.837,0.062
5.0 ,0.0 ,42.0 ,10.0 ,6.0 ,0.0 ,0.0 ,3.0 ,1.0 ,0.0 ,11.0 ,22.0 ,0.524,0.472,0.066
20.0 ,12.0 ,6.0 ,10.0 ,1.0 ,1.0 ,7.0 ,6.0 ,5.0 ,1.0 ,3.0 ,28.0 ,0.995,0.966,0.085
6.0 ,5.0 ,2.0 ,6.0 ,7.0 ,17.0 ,16.0 ,5.0 ,6.0 ,5.0 ,12.0 ,13.0 ,0.198,0.116,0.061
0.0 ,1.0 ,2.0 ,1.0 ,1.0 ,2.0 ,4.0 ,24.0 ,46.0 ,3.0 ,3.0 ,13.0 ,0.174,0.154,0.023
7.0 ,7.0 ,17.0 ,10.0 ,8.0 ,12.0 ,21.0 ,5.0 ,3.0 ,2.0 ,5.0 ,3.0 ,0.367,0.152,0.078
0.0 ,3.0 ,8.0 ,14.0 ,5.0 ,23.0 ,7.0 ,4.0 ,1.0 ,16.0 ,13.0 ,6.0 ,0.158,0.03,0.011
4.0 ,13.0 ,0.0 ,10.0 ,2.0 ,1.0 ,2.0 ,29.0 ,12.0 ,1.0 ,0.0 ,26.0 ,0.726,0.483,0.083
20.0 ,0.0 ,6.0 ,1.0 ,3.0 ,19.0 ,2.0 ,8.0 ,2.0 ,14.0 ,20.0 ,5.0 ,0.135,0.069,0.047
0.0 ,0.0 ,1.0 ,11.0 ,5.0 ,7.0 ,5.0 ,6.0 ,15.0 ,1.0 ,35.0 ,14.0 ,0.213,0.139,0.06
0.0 ,6.0 ,9.0 ,0.0 ,5.0 ,1.0 ,11.0 ,12.0 ,11.0 ,38.0 ,7.0 ,0.0 ,0.175,0.124,0.053
27.0 ,2.0 ,1.0 ,9.0 ,21.0 ,0.0 ,9.0 ,2.0 ,11.0 ,7.0 ,10.0 ,1.0 ,0.232,0.175,0.061
14.0 ,16.0 ,11.0 ,6.0 ,9.0 ,3.0 ,2.0 ,10.0 ,13.0 ,5.0 ,9.0 ,2.0 ,0.118,0.09,0.022
7.0 ,19.0 ,6.0 ,18.0 ,19.0 ,6.0 ,0.0 ,7.0 ,0.0 ,8.0 ,0.0 ,10.0 ,0.427,0.166,0.08
3.0 ,17.0 ,4.0 ,20.0 ,1.0 ,5.0 ,6.0 ,0.0 ,2.0 ,14.0 ,16.0 ,12.0 ,0.289,0.102,0.024
5.0 ,2.0 ,1.0 ,34.0 ,19.0 ,9.0 ,0.0 ,0.0 ,1.0 ,16.0 ,10.0 ,3.0 ,0.142,0.066,0.05
7.0 ,13.0 ,8.0 ,7.0 ,5.0 ,3.0 ,3.0 ,11.0 ,29.0 ,10.0 ,3.0 ,1.0 ,0.141,0.083,0.044
25.0 ,4.0 ,7.0 ,1.0 ,9.0 ,5.0 ,1.0 ,31.0 ,0.0 ,2.0 ,0.0 ,15.0 ,0.238,0.133,0.061
6.0 ,17.0 ,4.0 ,4.0 ,3.0 ,9.0 ,32.0 ,1.0 ,4.0 ,12.0 ,8.0 ,0.0 ,0.155,0.096,0.046
14.0 ,7.0 ,7.0 ,13.0 ,11.0 ,9.0 ,2.0 ,0.0 ,0.0 ,25.0 ,3.0 ,9.0 ,0.143,0.091,0.052
4.0 ,33.0 ,4.0 ,7.0 ,5.0 ,0.0 ,18.0 ,6.0 ,5.0 ,7.0 ,7.0 ,4.0 ,0.232,0.178,0.029
14.0 ,4.0 ,1.0 ,2.0 ,17.0 ,25.0 ,7.0 ,10.0 ,11.0 ,3.0 ,2.0 ,4.0 ,0.141,0.157,0.067
1.0 ,4.0 ,20.0 ,14.0 ,19.0 ,2.0 ,2.0 ,16.0 ,5.0 ,0.0 ,13.0 ,4.0 ,0.153,0.118,0.047
6.0 ,0.0 ,1.0 ,16.0 ,4.0 ,29.0 ,0.0 ,5.0 ,17.0 ,2.0 ,5.0 ,15.0 ,0.137,0.167,0.066
8.0 ,10.0 ,9.0 ,8.0 ,5.0 ,16.0 ,5.0 ,0.0 ,0.0 ,11.0 ,6.0 ,22.0 ,0.37,0.33,0.045
14.0 ,2.0 ,7.0 ,10.0 ,0.0 ,6.0 ,3.0 ,1.0 ,33.0 ,9.0 ,0.0 ,15.0 ,0.319,0.332,0.073
2.0 ,16.0 ,0.0 ,4.0 ,17.0 ,21.0 ,5.0 ,22.0 ,2.0 ,0.0 ,8.0 ,3.0 ,0.036,0.032,0.007
3.0 ,3.0 ,15.0 ,1.0 ,1.0 ,16.0 ,13.0 ,1.0 ,3.0 ,9.0 ,35.0 ,0.0 ,0.164,0.126,0.04
0.0 ,4.0 ,8.0 ,33.0 ,1.0 ,11.0 ,1.0 ,2.0 ,0.0 ,10.0 ,21.0 ,9.0 ,0.076,0.061,0.041
3.0 ,8.0 ,0.0 ,11.0 ,1.0 ,6.0 ,17.0 ,26.0 ,3.0 ,4.0 ,15.0 ,6.0 ,0.118,0.082,0.05
16.0 ,0.0 ,31.0 ,1.0 ,0.0 ,4.0 ,0.0 ,25.0 ,8.0 ,1.0 ,10.0 ,4.0 ,0.209,0.179,0.049
0.0 ,5.0 ,1.0 ,6.0 ,40.0 ,6.0 ,6.0 ,12.0 ,1.0 ,7.0 ,10.0 ,6.0 ,0.231,0.13,0.059
13.0 ,5.0 ,0.0 ,46.0 ,1.0 ,6.0 ,0.0 ,0.0 ,4.0 ,2.0 ,2.0 ,21.0 ,0.088,0.06,0.034
7.0 ,12.0 ,1.0 ,1.0 ,13.0 ,6.0 ,0.0 ,5.0 ,4.0 ,7.0 ,32.0 ,12.0 ,0.565,0.514,0.088
2.0 ,1.0 ,4.0 ,0.0 ,2.0 ,59.0 ,9.0 ,4.0 ,9.0 ,2.0 ,8.0 ,0.0 ,2.026,2.002,1.542
8.0 ,3.0 ,2.0 ,3.0 ,1.0 ,2.0 ,7.0 ,6.0 ,31.0 ,10.0 ,6.0 ,21.0 ,0.746,0.849,0.057
2.0 ,11.0 ,14.0 ,13.0 ,0.0 ,1.0 ,3.0 ,5.0 ,1.0 ,27.0 ,13.0 ,10.0 ,0.355,0.3,0.051
18.0 ,6.0 ,1.0 ,7.0 ,17.0 ,3.0 ,12.0 ,1.0 ,2.0 ,4.0 ,14.0 ,15.0 ,0.724,0.818,0.065
2.0 ,4.0 ,4.0 ,2.0 ,6.0 ,8.0 ,2.0 ,13.0 ,16.0 ,12.0 ,1.0 ,30.0 ,0.739,0.788,0.069
6.0 ,6.0 ,3.0 ,4.0 ,15.0 ,17.0 ,0.0 ,14.0 ,8.0 ,1.0 ,6.0 ,20.0 ,0.201,0.117,0.064
12.0 ,1.0 ,13.0 ,3.0 ,6.0 ,2.0 ,19.0 ,0.0 ,1.0 ,24.0 ,4.0 ,15.0 ,0.724,0.978,0.042
12.0 ,5.0 ,1.0 ,17.0 ,0.0 ,24.0 ,8.0 ,12.0 ,0.0 ,5.0 ,3.0 ,13.0 ,0.1,0.109,0.076
5.0 ,16.0 ,12.0 ,0.0 ,10.0 ,0.0 ,1.0 ,12.0 ,9.0 ,6.0 ,25.0 ,4.0 ,0.496,0.516,0.013
10.0 ,15.0 ,19.0 ,7.0 ,8.0 ,19.0 ,0.0 ,3.0 ,0.0 ,10.0 ,9.0 ,0.0 ,0.172,0.418,0.045
8.0 ,14.0 ,21.0 ,11.0 ,14.0 ,2.0 ,8.0 ,0.0 ,0.0 ,19.0 ,2.0 ,1.0 ,0.276,0.269,0.047
0.0 ,10.0 ,6.0 ,14.0 ,0.0 ,17.0 ,12.0 ,13.0 ,0.0 ,2.0 ,9.0 ,17.0 ,0.094,0.075,0.053
0.0 ,6.0 ,14.0 ,19.0 ,8.0 ,1.0 ,6.0 ,8.0 ,4.0 ,8.0 ,2.0 ,24.0 ,0.401,0.414,0.063
33.0 ,15.0 ,0.0 ,13.0 ,4.0 ,2.0 ,18.0 ,4.0 ,1.0 ,0.0 ,7.0 ,3.0 ,0.388,0.333,0.063
2.0 ,12.0 ,1.0 ,4.0 ,1.0 ,37.0 ,11.0 ,11.0 ,0.0 ,18.0 ,0.0 ,3.0 ,0.036,0.029,0.026
9.0 ,2.0 ,5.0 ,3.0 ,39.0 ,2.0 ,0.0 ,0.0 ,10.0 ,23.0 ,3.0 ,4.0 ,0.665,0.713,0.085
13.0 ,38.0 ,0.0 ,2.0 ,11.0 ,10.0 ,0.0 ,9.0 ,1.0 ,12.0 ,1.0 ,3.0 ,0.107,0.052,0.012
11.0 ,1.0 ,6.0 ,0.0 ,11.0 ,2.0 ,8.0 ,9.0 ,5.0 ,3.0 ,5.0 ,39.0 ,2.972,3.245,0.117
8.0 ,28.0 ,8.0 ,1.0 ,0.0 ,1.0 ,7.0 ,18.0 ,14.0 ,7.0 ,4.0 ,4.0 ,0.272,0.306,0.05
5.0 ,0.0 ,10.0 ,2.0 ,1.0 ,15.0 ,2.0 ,0.0 ,42.0 ,0.0 ,6.0 ,17.0 ,0.326,0.419,0.058
2.0 ,29.0 ,2.0 ,10.0 ,7.0 ,0.0 ,15.0 ,11.0 ,1.0 ,12.0 ,8.0 ,3.0 ,0.272,0.257,0.057
5.0 ,31.0 ,6.0 ,17.0 ,1.0 ,5.0 ,5.0 ,5.0 ,4.0 ,0.0 ,13.0 ,8.0 ,0.197,0.149,0.06
2.0 ,19.0 ,7.0 ,28.0 ,0.0 ,2.0 ,2.0 ,2.0 ,12.0 ,12.0 ,12.0 ,2.0 ,0.132,0.097,0.031
8.0 ,3.0 ,7.0 ,0.0 ,36.0 ,7.0 ,0.0 ,0.0 ,16.0 ,11.0 ,4.0 ,8.0 ,0.976,1.259,0.095
1.0 ,15.0 ,12.0 ,3.0 ,10.0 ,11.0 ,7.0 ,27.0 ,3.0 ,3.0 ,3.0 ,5.0 ,0.079,0.044,0.005
1.0 ,8.0 ,3.0 ,31.0 ,1.0 ,14.0 ,4.0 ,0.0 ,3.0 ,0.0 ,11.0 ,24.0 ,0.094,0.066,0.044
21.0 ,0.0 ,3.0 ,24.0 ,10.0 ,3.0 ,5.0 ,9.0 ,1.0 ,8.0 ,0.0 ,16.0 ,0.182,0.133,0.051
0.0 ,7.0 ,16.0 ,3.0 ,5.0 ,20.0 ,0.0 ,12.0 ,25.0 ,4.0 ,5.0 ,3.0 ,0.09,0.079,0.048
2.0 ,27.0 ,15.0 ,9.0 ,7.0 ,4.0 ,18.0 ,1.0 ,10.0 ,3.0 ,4.0 ,0.0 ,0.206,0.21,0.049
11.0 ,19.0 ,27.0 ,6.0 ,3.0 ,5.0 ,7.0 ,0.0 ,9.0 ,0.0 ,5.0 ,8.0 ,0.42,0.402,0.057
1.0 ,6.0 ,15.0 ,4.0 ,18.0 ,8.0 ,6.0 ,3.0 ,3.0 ,9.0 ,22.0 ,5.0 ,0.31,0.297,0.032
8.0 ,6.0 ,7.0 ,4.0 ,28.0 ,8.0 ,7.0 ,6.0 ,7.0 ,2.0 ,8.0 ,9.0 ,0.638,0.684,0.088
0.0 ,13.0 ,7.0 ,2.0 ,1.0 ,7.0 ,9.0 ,5.0 ,11.0 ,26.0 ,12.0 ,7.0 ,0.284,0.225,0.013
18.0 ,6.0 ,3.0 ,0.0 ,10.0 ,26.0 ,6.0 ,4.0 ,6.0 ,6.0 ,0.0 ,15.0 ,0.103,0.109,0.059
3.0 ,0.0 ,0.0 ,4.0 ,4.0 ,9.0 ,17.0 ,2.0 ,5.0 ,13.0 ,33.0 ,10.0 ,0.335,0.287,0.05
16.0 ,10.0 ,3.0 ,12.0 ,5.0 ,5.0 ,6.0 ,23.0 ,16.0 ,2.0 ,2.0 ,0.0 ,0.087,0.07,0.05
12.0 ,21.0 ,1.0 ,27.0 ,8.0 ,3.0 ,11.0 ,0.0 ,0.0 ,8.0 ,8.0 ,1.0 ,0.142,0.104,0.054
4.0 ,1.0 ,3.0 ,6.0 ,6.0 ,7.0 ,38.0 ,11.0 ,7.0 ,6.0 ,8.0 ,3.0 ,0.239,0.199,0.058
18.0 ,4.0 ,12.0 ,1.0 ,5.0 ,0.0 ,1.0 ,14.0 ,9.0 ,4.0 ,10.0 ,22.0 ,1.095,1.151,0.03
4.0 ,0.0 ,2.0 ,31.0 ,11.0 ,16.0 ,15.0 ,2.0 ,0.0 ,5.0 ,13.0 ,1.0 ,0.1,0.097,0.086
9.0 ,11.0 ,6.0 ,5.0 ,1.0 ,8.0 ,16.0 ,16.0 ,13.0 ,1.0 ,1.0 ,13.0 ,0.216,0.151,0.013
18.0 ,3.0 ,9.0 ,4.0 ,18.0 ,25.0 ,0.0 ,5.0 ,11.0 ,1.0 ,5.0 ,1.0 ,0.147,0.142,0.06
7.0 ,9.0 ,26.0 ,4.0 ,0.0 ,3.0 ,23.0 ,0.0 ,14.0 ,13.0 ,0.0 ,1.0 ,0.373,0.401,0.045
2.0 ,10.0 ,1.0 ,2.0 ,13.0 ,7.0 ,10.0 ,5.0 ,2.0 ,8.0 ,7.0 ,33.0 ,2.682,3,0.154
1.0 ,10.0 ,0.0 ,1.0 ,8.0 ,22.0 ,21.0 ,7.0 ,4.0 ,14.0 ,6.0 ,6.0 ,0.122,0.087,0.051
8.0 ,7.0 ,0.0 ,17.0 ,0.0 ,5.0 ,3.0 ,2.0 ,9.0 ,19.0 ,12.0 ,18.0 ,0.341,0.251,0.061
2.0 ,0.0 ,6.0 ,3.0 ,1.0 ,11.0 ,17.0 ,6.0 ,12.0 ,8.0 ,23.0 ,11.0 ,0.315,0.313,0.03
15.0 ,1.0 ,2.0 ,18.0 ,29.0 ,4.0 ,0.0 ,19.0 ,5.0 ,0.0 ,4.0 ,3.0 ,0.117,0.103,0.087
7.0 ,2.0 ,2.0 ,2.0 ,1.0 ,8.0 ,20.0 ,0.0 ,4.0 ,8.0 ,3.0 ,43.0 ,0.693,0.737,0.046
4.0 ,2.0 ,0.0 ,23.0 ,5.0 ,3.0 ,3.0 ,10.0 ,10.0 ,24.0 ,14.0 ,2.0 ,0.13,0.08,0.052
0.0 ,1.0 ,18.0 ,14.0 ,12.0 ,9.0 ,7.0 ,1.0 ,16.0 ,20.0 ,0.0 ,2.0 ,0.141,0.101,0.043
1.0 ,18.0 ,8.0 ,17.0 ,16.0 ,1.0 ,7.0 ,9.0 ,8.0 ,9.0 ,2.0 ,4.0 ,0.205,0.15,0.051
20.0 ,1.0 ,12.0 ,10.0 ,14.0 ,4.0 ,7.0 ,13.0 ,2.0 ,9.0 ,5.0 ,3.0 ,0.198,0.13,0.053
29.0 ,4.0 ,3.0 ,7.0 ,6.0 ,2.0 ,15.0 ,2.0 ,1.0 ,24.0 ,5.0 ,2.0 ,0.436,0.425,0.061
9.0 ,24.0 ,4.0 ,6.0 ,1.0 ,4.0 ,15.0 ,17.0 ,14.0 ,1.0 ,5.0 ,0.0 ,0.198,0.169,0.026
2.0 ,13.0 ,1.0 ,1.0 ,7.0 ,13.0 ,11.0 ,7.0 ,31.0 ,7.0 ,0.0 ,7.0 ,0.333,0.326,0.084
0.0 ,7.0 ,0.0 ,25.0 ,4.0 ,23.0 ,17.0 ,6.0 ,1.0 ,5.0 ,4.0 ,8.0 ,0.045,0.046,0.012
7.0 ,5.0 ,0.0 ,9.0 ,3.0 ,4.0 ,2.0 ,21.0 ,7.0 ,3.0 ,2.0 ,37.0 ,0.925,0.74,0.083
19.0 ,19.0 ,1.0 ,6.0 ,17.0 ,1.0 ,4.0 ,12.0 ,1.0 ,6.0 ,11.0 ,3.0 ,0.366,0.267,0.055
17.0 ,30.0 ,6.0 ,6.0 ,16.0 ,2.0 ,4.0 ,6.0 ,4.0 ,3.0 ,2.0 ,4.0 ,0.362,0.305,0.059
6.0 ,4.0 ,5.0 ,12.0 ,12.0 ,14.0 ,19.0 ,1.0 ,3.0 ,7.0 ,16.0 ,1.0 ,0.117,0.085,0.051
17.0 ,1.0 ,5.0 ,5.0 ,6.0 ,3.0 ,0.0 ,5.0 ,6.0 ,35.0 ,0.0 ,17.0 ,0.637,0.679,0.069
7.0 ,0.0 ,0.0 ,8.0 ,13.0 ,6.0 ,12.0 ,3.0 ,0.0 ,32.0 ,17.0 ,2.0 ,0.233,0.193,0.025
3.0 ,0.0 ,12.0 ,4.0 ,13.0 ,0.0 ,16.0 ,1.0 ,12.0 ,2.0 ,28.0 ,9.0 ,0.823,1.033,0.097
12.0 ,17.0 ,11.0 ,25.0 ,14.0 ,9.0 ,0.0 ,6.0 ,0.0 ,6.0 ,0.0 ,0.0 ,0.041,0.027,0.011
0.0 ,6.0 ,1.0 ,0.0 ,14.0 ,14.0 ,10.0 ,16.0 ,8.0 ,27.0 ,2.0 ,2.0 ,0.191,0.149,0.055
2.0 ,12.0 ,30.0 ,4.0 ,15.0 ,16.0 ,3.0 ,2.0 ,10.0 ,1.0 ,3.0 ,2.0 ,0.276,0.286,0.049
15.0 ,8.0 ,0.0 ,14.0 ,13.0 ,10.0 ,20.0 ,3.0 ,4.0 ,3.0 ,4.0 ,6.0 ,0.187,0.149,0.051
5.0 ,13.0 ,21.0 ,3.0 ,14.0 ,0.0 ,20.0 ,3.0 ,0.0 ,5.0 ,11.0 ,5.0 ,0.633,0.801,0.055
14.0 ,0.0 ,1.0 ,1.0 ,8.0 ,11.0 ,14.0 ,10.0 ,4.0 ,9.0 ,0.0 ,28.0 ,1.202,1.487,0.093
1.0 ,9.0 ,22.0 ,0.0 ,4.0 ,1.0 ,21.0 ,3.0 ,6.0 ,9.0 ,6.0 ,18.0 ,0.795,1.231,0.041
14.2 ,0.0 ,0.0 ,21.5 ,12.4 ,0.0 ,0.3 ,0.0 ,0.0 ,0.0 ,5.9 ,46.8 ,1.562,1.768,0.186
22.7 ,0.0 ,0.0 ,0.0 ,11.5 ,0.0 ,9.9 ,0.0 ,0.0 ,0.0 ,6.9 ,49.9 ,0.004,0.006,0.018
0.0 ,0.0 ,0.0 ,31.6 ,15.1 ,0.0 ,5.8 ,0.0 ,0.0 ,0.0 ,5.3 ,43.3 ,0.928,0.849,0.078
0.0 ,0.0 ,0.0 ,0.0 ,14.3 ,0.0 ,31.4 ,0.0 ,0.0 ,0.0 ,8.1 ,47.2 ,0.044,0.043,0.039
44.2 ,0.0 ,0.0 ,0.0 ,12.3 ,0.0 ,0.0 ,0.0 ,0.0 ,0.0 ,1.9 ,42.6 ,0.048,0.053,0.036
9.5 ,0.0 ,0.0 ,35.5 ,13.2 ,0.0 ,0.0 ,0.0 ,0.0 ,0.0 ,0.0 ,42.8 ,0.909,0.867,0.083
17.6 ,0.0 ,0.0 ,23.7 ,15.7 ,0.0 ,0.0 ,0.0 ,0.0 ,0.0 ,0.0 ,43.9 ,1.327,1.507,0.086
12.5 ,0.0 ,0.0 ,0.0 ,13.3 ,0.0 ,15.8 ,0.0 ,0.0 ,0.0 ,5.3 ,54.1 ,0.032,0.034,0.031
0.0 ,0.0 ,0.0 ,24.7 ,16.9 ,0.0 ,0.0 ,0.0 ,0.0 ,0.0 ,18.8 ,40.6 ,1.081,1.03,0.15
13.5 ,6.2 ,0.0 ,0.0 ,19.7 ,0.0 ,10.8 ,0.0 ,0.0 ,0.0 ,11.6 ,39.3 ,-0.003,0,0.01
32.5 ,0.0 ,0.0 ,0.0 ,15.6 ,0.0 ,0.0 ,0.0 ,0.0 ,0.0 ,0.0 ,53.0 ,0.037,0.034,0.037
14.0 ,0.0 ,0.0 ,13.3 ,21.5 ,0.0 ,6.5 ,0.0 ,0.0 ,0.0 ,0.0 ,45.7 ,3,3,0.196
37.1 ,0.0 ,0.0 ,0.0 ,9.5 ,0.0 ,0.0 ,0.0 ,0.0 ,0.0 ,0.0 ,54.4 ,0.05,0.045,0.043
0.0 ,0.0 ,0.0 ,0.0 ,11.0 ,0.0 ,21.8 ,0.0 ,0.0 ,0.0 ,22.6 ,45.6 ,0.047,0.052,0.044
9.2 ,0.0 ,33.0 ,0.0 ,12.5 ,0.0 ,0.0 ,0.0 ,0.0 ,0.0 ,0.1 ,46.2 ,1.075,1.011,0.174
0.0 ,0.0 ,32.6 ,0.0 ,11.5 ,0.0 ,0.0 ,0.0 ,0.0 ,0.0 ,7.0 ,49.9 ,0.277,0.29,0.06
0.0 ,0.0 ,0.0 ,0.0 ,16.4 ,0.0 ,0.0 ,42.9 ,0.0 ,0.0 ,0.0 ,41.8 ,0.652,0.46,0.116
20.4 ,0.0 ,0.0 ,0.0 ,9.4 ,0.0 ,0.0 ,0.0 ,0.0 ,0.0 ,25.6 ,45.7 ,0.005,0.006,0.003
0.0 ,0.0 ,24.4 ,0.0 ,11.1 ,15.4 ,0.0 ,0.0 ,0.0 ,0.0 ,0.0 ,50.1 ,0.037,0.041,0.036
21.9 ,0.0 ,0.0 ,0.0 ,11.0 ,0.0 ,17.8 ,0.0 ,0.0 ,0.0 ,4.3 ,45.9 ,0.04,0.04,0.042
0.0 ,0.0 ,0.0 ,0.0 ,12.7 ,20.0 ,0.0 ,0.0 ,0.0 ,0.0 ,26.5 ,41.8 ,0.048,0.049,0.041
4.6 ,0.0 ,40.3 ,0.0 ,14.2 ,0.0 ,0.0 ,0.0 ,0.0 ,0.0 ,0.0 ,42.0 ,3,3,0.239
21.3 ,0.0 ,0.0 ,0.0 ,15.4 ,0.0 ,0.0 ,0.0 ,0.0 ,0.0 ,13.6 ,50.7 ,0.049,0.049,0.043
19.8 ,0.0 ,0.0 ,0.0 ,8.4 ,0.0 ,0.0 ,0.0 ,0.0 ,0.0 ,33.2 ,39.7 ,0.041,0.044,0.03
2.5 ,0.0 ,0.0 ,19.6 ,23.7 ,0.0 ,0.0 ,12.2 ,0.0 ,0.0 ,0.0 ,43.0 ,0.763,0.626,0.133
0.0 ,0.0 ,0.0 ,0.0 ,13.2 ,0.0 ,0.0 ,0.0 ,37.2 ,0.0 ,0.0 ,50.5 ,1.525,1.487,0.172
0.9 ,0.0 ,0.0 ,0.0 ,13.7 ,0.0 ,0.0 ,0.0 ,18.4 ,0.0 ,16.1 ,51.8 ,0.033,0.038,0.035
0.0 ,0.0 ,0.0 ,0.0 ,13.0 ,0.0 ,0.0 ,0.0 ,14.7 ,0.0 ,15.8 ,57.5 ,0.044,0.043,0.04
0.0 ,0.0 ,28.7 ,0.0 ,12.8 ,0.0 ,0.0 ,0.0 ,0.0 ,0.0 ,17.4 ,42.2 ,3,3,0.297
11.6 ,0.0 ,0.0 ,27.1 ,12.1 ,0.0 ,0.0 ,0.0 ,0.0 ,0.0 ,8.8 ,41.4 ,1.261,1.287,0.089
13.9 ,0.0 ,0.0 ,0.0 ,8.4 ,0.0 ,16.8 ,0.0 ,0.0 ,0.0 ,7.9 ,53.9 ,0.048,0.049,0.045
20.9 ,0.0 ,0.0 ,0.0 ,13.4 ,23.2 ,0.0 ,0.0 ,0.0 ,0.0 ,1.3 ,42.2 ,0.025,0.033,0.029
46.4 ,0.0 ,0.0 ,0.0 ,9.7 ,0.0 ,0.0 ,0.0 ,0.0 ,0.0 ,0.0 ,44.9 ,0.066,0.085,0.096
0.0 ,1.7 ,0.0 ,0.8 ,20.0 ,7.8 ,0.0 ,0.0 ,0.0 ,0.0 ,28.3 ,42.4 ,0,0.004,0.006
13.0 ,0.0 ,0.0 ,28.0 ,21.9 ,0.0 ,0.0 ,0.0 ,0.0 ,0.0 ,0.0 ,38.2 ,0.861,0.738,0.075
0.0 ,0.0 ,0.0 ,0.0 ,19.8 ,38.2 ,0.0 ,0.0 ,0.0 ,0.0 ,0.0 ,43.0 ,0.062,0.08,0.051
0.0 ,0.0 ,0.0 ,0.0 ,12.0 ,0.0 ,0.0 ,41.7 ,0.0 ,0.0 ,1.0 ,46.3 ,0.936,0.821,0.089
0.0 ,0.0 ,0.0 ,0.0 ,14.4 ,0.0 ,47.5 ,0.0 ,0.0 ,0.0 ,0.0 ,39.1 ,3,3,0.307
0.0 ,0.0 ,0.0 ,0.0 ,17.4 ,15.0 ,0.0 ,0.0 ,15.1 ,0.0 ,0.0 ,53.5 ,0.045,0.049,0.042
0.0 ,0.0 ,0.0 ,0.0 ,17.6 ,0.0 ,0.0 ,0.0 ,26.5 ,0.0 ,0.0 ,56.9 ,0.023,0.029,0.026
0.0 ,0.0 ,0.0 ,0.0 ,12.6 ,4.8 ,17.5 ,0.0 ,0.0 ,0.0 ,16.8 ,49.4 ,0.067,0.084,0.109
45.8 ,0.0 ,0.0 ,0.0 ,14.5 ,0.0 ,0.0 ,0.0 ,0.0 ,0.0 ,3.3 ,37.4 ,0.016,0.02,0.011
0.0 ,0.0 ,0.0 ,0.0 ,10.9 ,0.0 ,33.3 ,0.0 ,0.0 ,0.0 ,18.9 ,37.9 ,2.983,3,0.145
0.0 ,0.0 ,0.0 ,40.6 ,19.8 ,0.0 ,0.0 ,0.0 ,0.0 ,0.0 ,0.0 ,40.6 ,0.549,0.419,0.077
0.0 ,0.0 ,0.0 ,0.0 ,12.8 ,0.0 ,11.8 ,0.0 ,34.7 ,0.0 ,0.0 ,41.7 ,3.408,3,0.208
0.0 ,0.0 ,0.0 ,0.0 ,13.1 ,0.0 ,0.0 ,33.4 ,0.0 ,0.0 ,14.0 ,40.5 ,0.803,0.747,0.083
0.3 ,0.0 ,0.0 ,0.0 ,7.4 ,0.0 ,0.0 ,0.0 ,0.0 ,0.0 ,48.9 ,44.5 ,0.176,0.174,0.066
37.3 ,0.0 ,0.0 ,0.0 ,20.5 ,0.0 ,0.0 ,0.0 ,0.0 ,0.0 ,0.0 ,43.2 ,0.024,0.027,0.029
0.0 ,0.0 ,0.0 ,0.0 ,11.5 ,0.0 ,0.0 ,20.7 ,0.0 ,0.0 ,14.1 ,54.7 ,2.513,3.063,0.192
16.7 ,0.0 ,0.0 ,0.0 ,11.7 ,0.0 ,0.0 ,0.0 ,26.5 ,0.0 ,0.0 ,46.2 ,3.194,3,0.276
0.0 ,0.0 ,0.0 ,0.0 ,14.3 ,30.8 ,0.0 ,0.0 ,0.0 ,0.0 ,5.4 ,50.5 ,0.037,0.042,0.04
12.3 ,0.0 ,24.6 ,0.0 ,8.2 ,0.0 ,2.5 ,0.0 ,0.0 ,0.0 ,0.0 ,53.4 ,0.043,0.066,0.04
15.3 ,0.0 ,0.0 ,0.0 ,23.2 ,0.0 ,0.0 ,0.0 ,0.0 ,0.0 ,19.3 ,43.3 ,0.049,0.051,0.046
4.5 ,0.0 ,6.4 ,14.7 ,15.8 ,2.5 ,0.1 ,0.0 ,0.0 ,0.0 ,14.5 ,42.5 ,1.862,2.635,0.121
0.0 ,0.0 ,0.0 ,16.7 ,15.1 ,8.3 ,0.0 ,0.0 ,0.0 ,0.0 ,14.4 ,46.5 ,0.56,0.428,0.112
0.0 ,0.0 ,0.0 ,0.0 ,12.0 ,0.0 ,45.5 ,0.0 ,0.0 ,0.0 ,0.0 ,43.5 ,3,3,0.252
0.0 ,0.0 ,37.6 ,0.0 ,16.2 ,0.0 ,0.0 ,0.0 ,0.0 ,0.0 ,8.2 ,39.0 ,2.992,3.201,0.259
25.7 ,0.0 ,0.0 ,0.0 ,16.7 ,7.9 ,0.0 ,0.0 ,0.0 ,0.0 ,0.0 ,50.6 ,0.006,0.001,0.006
0.0 ,0.0 ,28.9 ,0.0 ,15.1 ,0.0 ,0.0 ,0.0 ,0.0 ,0.0 ,0.0 ,57.0 ,0.041,0.04,0.038
21.2 ,0.0 ,0.0 ,28.5 ,13.6 ,0.0 ,0.0 ,0.0 ,0.0 ,0.0 ,0.0 ,37.7 ,0.86,0.877,0.081
31.7 ,0.0 ,0.0 ,0.0 ,14.6 ,0.0 ,0.0 ,0.0 ,0.0 ,0.0 ,9.5 ,45.1 ,0.052,0.049,0.047
5.9 ,0.0 ,0.0 ,0.0 ,10.7 ,0.0 ,1.9 ,0.0 ,0.0 ,34.7 ,2.5 ,45.2 ,3,3,0.354
7.7 ,0.0 ,0.0 ,0.0 ,13.6 ,29.9 ,0.0 ,0.0 ,0.0 ,0.0 ,10.5 ,39.3 ,0.053,0.048,0.05
34.7 ,0.0 ,0.0 ,0.0 ,9.6 ,0.0 ,0.0 ,0.0 ,0.0 ,0.0 ,20.4 ,36.3 ,2.533,3,0.285
2.5 ,0.0 ,0.0 ,0.0 ,23.4 ,25.0 ,0.0 ,0.0 ,0.0 ,0.0 ,9.1 ,40.9 ,0.076,0.093,0.112
22.7 ,0.0 ,0.0 ,2.1 ,23.9 ,11.9 ,0.0 ,0.0 ,0.0 ,0.0 ,0.0 ,40.4 ,0.013,0.008,0.008
0.0 ,27.9 ,0.0 ,0.0 ,11.9 ,3.1 ,0.0 ,0.0 ,0.0 ,0.0 ,11.7 ,46.4 ,0.047,0.045,0.045
0.0 ,0.0 ,0.0 ,0.0 ,14.7 ,0.0 ,0.0 ,0.0 ,45.8 ,0.0 ,0.0 ,40.6 ,2.852,3,0.146
0.0 ,0.0 ,0.0 ,0.0 ,12.6 ,23.0 ,22.8 ,0.0 ,0.0 ,0.0 ,0.0 ,42.7 ,0.048,0.049,0.038
20.3 ,0.0 ,0.0 ,17.2 ,15.7 ,0.0 ,0.0 ,0.0 ,0.0 ,0.0 ,12.4 ,35.4 ,1.533,1.646,0.087
18.0 ,0.0 ,0.0 ,0.0 ,9.7 ,0.0 ,24.4 ,0.0 ,0.0 ,0.0 ,0.0 ,48.9 ,0.052,0.05,0.044
0.0 ,10.3 ,0.0 ,0.0 ,18.4 ,19.0 ,0.0 ,0.0 ,0.0 ,0.0 ,10.0 ,43.4 ,0.025,0.027,0.022
0.0 ,0.0 ,0.0 ,41.6 ,15.2 ,0.0 ,0.0 ,0.0 ,0.0 ,0.0 ,5.8 ,38.4 ,0.686,0.536,0.16
52.8 ,0.0 ,0.0 ,0.0 ,14.7 ,0.0 ,0.0 ,0.0 ,0.0 ,0.0 ,0.0 ,33.4 ,0.254,0.256,0.052
6.3 ,0.0 ,0.0 ,0.0 ,17.3 ,0.0 ,0.0 ,0.0 ,0.4 ,13.4 ,11.4 ,52.3 ,0.046,0.046,0.042
0.0 ,0.0 ,0.0 ,0.0 ,20.3 ,21.6 ,0.0 ,0.0 ,0.0 ,0.0 ,11.6 ,47.5 ,0.049,0.041,0.035
5.1 ,43.0 ,7.0 ,4.2 ,1.6 ,3.8 ,8.8 ,5.1 ,1.3 ,8.5 ,8.2 ,2.6 ,0.182,0.127,0.05
18.1 ,0.0 ,0.0 ,0.0 ,23.5 ,12.9 ,3.5 ,0.0 ,0.0 ,0.0 ,8.0 ,35.0 ,0.05,0.047,0.047
8.0 ,0.0 ,0.0 ,0.0 ,17.6 ,0.0 ,4.4 ,32.3 ,0.0 ,0.0 ,0.0 ,38.7 ,0.908,0.767,0.087
2.0 ,0.0 ,0.0 ,0.0 ,15.4 ,13.7 ,0.0 ,3.1 ,0.0 ,6.2 ,0.0 ,60.5 ,0.026,0.022,0.022
0.8 ,5.7 ,6.6 ,11.8 ,0.9 ,9.1 ,0.6 ,12.5 ,5.5 ,6.8 ,28.5 ,10.5 ,0.11,0.109,0.111
0.0 ,0.0 ,22.9 ,0.0 ,15.4 ,16.8 ,0.0 ,0.0 ,0.0 ,0.0 ,0.0 ,45.9 ,0.011,0.005,0.008
21.6 ,0.0 ,0.0 ,0.0 ,11.0 ,19.3 ,0.0 ,0.0 ,0.0 ,0.0 ,0.0 ,49.1 ,0.048,0.045,0.046
0.0 ,45.1 ,0.0 ,0.0 ,17.1 ,0.0 ,0.0 ,0.0 ,0.0 ,0.0 ,1.5 ,37.2 ,0.856,0.893,0.117
20.3 ,0.0 ,0.0 ,0.0 ,14.3 ,0.0 ,0.0 ,0.0 ,0.0 ,18.9 ,0.0 ,47.5 ,0.092,0.068,0.051
0.0 ,0.0 ,0.0 ,0.0 ,18.5 ,0.0 ,0.0 ,36.1 ,0.0 ,0.0 ,0.0 ,46.4 ,0.852,0.734,0.08
0.0 ,0.0 ,36.9 ,0.0 ,15.4 ,0.0 ,0.0 ,0.0 ,0.0 ,0.0 ,0.0 ,48.7 ,0.198,0.215,0.065
1.2 ,0.0 ,35.8 ,0.0 ,16.6 ,3.9 ,0.0 ,0.0 ,0.0 ,0.0 ,0.0 ,43.6 ,0.047,0.051,0.022
9.6 ,0.0 ,0.0 ,2.2 ,17.1 ,0.0 ,0.0 ,0.0 ,0.0 ,17.1 ,10.4 ,44.5 ,0.673,0.643,0.186
18.4 ,0.0 ,22.0 ,0.0 ,19.1 ,0.0 ,0.0 ,0.0 ,0.0 ,0.0 ,0.0 ,41.5 ,0.04,0.037,0.015
28.7 ,0.0 ,0.0 ,0.0 ,10.3 ,8.1 ,0.0 ,0.0 ,0.0 ,0.0 ,3.2 ,50.8 ,0.048,0.055,0.047
0.0 ,5.2 ,0.0 ,0.0 ,10.8 ,11.5 ,2.7 ,0.0 ,24.6 ,0.0 ,0.0 ,46.2 ,0.043,0.041,0.035
0.0 ,0.0 ,4.8 ,0.0 ,14.8 ,0.0 ,0.0 ,0.0 ,19.7 ,0.0 ,0.0 ,61.7 ,0.05,0.047,0.039
0.0 ,0.0 ,0.0 ,0.0 ,16.0 ,0.0 ,0.0 ,24.2 ,0.0 ,0.0 ,0.0 ,60.8 ,3,3,0.142
7.8 ,0.0 ,0.0 ,22.7 ,17.0 ,0.0 ,0.0 ,0.0 ,0.0 ,0.0 ,19.5 ,34.0 ,1.086,1.085,0.081
0.0 ,0.0 ,0.0 ,13.4 ,26.7 ,0.0 ,0.0 ,0.0 ,0.0 ,0.0 ,17.7 ,43.2 ,3,3,0.169
8.1 ,0.0 ,0.0 ,20.4 ,25.5 ,0.0 ,0.0 ,0.0 ,0.0 ,0.0 ,0.0 ,46.9 ,1.807,2.026,0.153
0.0 ,31.5 ,0.0 ,0.0 ,10.5 ,0.0 ,0.0 ,0.0 ,0.0 ,17.8 ,0.0 ,41.2 ,3,3,0.163
0.0 ,0.0 ,0.0 ,0.0 ,6.3 ,0.0 ,0.0 ,0.0 ,32.4 ,20.8 ,0.0 ,41.5 ,2.23,2.649,0.085
0.0 ,0.0 ,46.9 ,0.0 ,8.5 ,0.0 ,0.0 ,0.0 ,0.0 ,3.2 ,0.0 ,42.4 ,2.259,2.93,0.102
0.0 ,0.0 ,0.0 ,0.0 ,9.4 ,0.0 ,0.0 ,0.0 ,0.0 ,54.0 ,0.0 ,37.6 ,1.963,2.515,0.079
0.0 ,0.0 ,0.0 ,10.5 ,10.1 ,0.0 ,0.0 ,0.0 ,0.0 ,38.1 ,0.0 ,42.3 ,1.568,1.937,0.075
0.0 ,0.0 ,0.0 ,0.0 ,10.7 ,0.0 ,7.9 ,0.0 ,47.5 ,0.0 ,0.0 ,35.0 ,1.796,2.389,0.073
0.0 ,0.0 ,0.0 ,0.0 ,9.7 ,0.0 ,0.0 ,14.1 ,0.0 ,34.9 ,0.0 ,42.4 ,1.525,1.794,0.054
0.0 ,0.0 ,0.0 ,0.0 ,3.4 ,0.0 ,51.5 ,2.8 ,0.0 ,3.2 ,0.0 ,40.1 ,1.974,2.773,0.119
0.0 ,0.0 ,0.0 ,0.0 ,4.4 ,0.0 ,0.0 ,2.3 ,0.0 ,53.4 ,0.0 ,40.8 ,1.919,2.36,0.025
0.0 ,0.0 ,12.6 ,0.0 ,10.4 ,0.0 ,1.6 ,0.9 ,0.0 ,0.0 ,42.5 ,33.1 ,2.321,2.799,0.076
0.0 ,0.0 ,0.0 ,0.0 ,6.1 ,0.0 ,0.0 ,0.0 ,16.0 ,42.8 ,0.0 ,36.1 ,1.906,2.327,0.099
0.0 ,0.0 ,7.4 ,0.0 ,0.4 ,0.0 ,0.0 ,0.0 ,7.7 ,42.5 ,0.0 ,42.9 ,2.202,2.81,0.094
0.0 ,0.0 ,0.0 ,7.9 ,10.8 ,0.0 ,0.0 ,0.0 ,0.0 ,40.3 ,0.0 ,42.0 ,1.929,2.376,0.079
0.0 ,0.0 ,0.0 ,0.0 ,5.5 ,0.0 ,31.6 ,6.1 ,0.0 ,16.3 ,0.0 ,41.5 ,1.581,2.152,0.072
0.0 ,0.0 ,0.0 ,0.0 ,11.3 ,0.0 ,0.0 ,0.0 ,0.0 ,54.3 ,0.0 ,35.4 ,1.888,2.371,0.062
9.5 ,0.0 ,0.0 ,12.2 ,33.4 ,0.0 ,0.0 ,0.0 ,0.0 ,0.0 ,0.0 ,45.9 ,1.023,0.951,0.133
0.0 ,15.7 ,1.3 ,0.0 ,10.8 ,0.0 ,0.0 ,0.0 ,14.1 ,14.7 ,0.0 ,42.4 ,3,3,0.151
0.0 ,0.0 ,0.0 ,0.0 ,3.4 ,0.0 ,0.0 ,13.5 ,0.0 ,40.8 ,0.0 ,43.3 ,1.552,1.711,0.062
0.0 ,0.0 ,0.0 ,7.8 ,12.0 ,0.0 ,13.2 ,0.0 ,29.2 ,0.0 ,0.0 ,38.8 ,1.617,1.992,0.068
1.4 ,2.3 ,1.0 ,7.9 ,15.2 ,0.2 ,5.9 ,14.9 ,0.7 ,12.8 ,10.0 ,28.4 ,0.616,0.479,0.056
0.0 ,0.0 ,0.0 ,0.0 ,28.5 ,72.5 ,0.0 ,0.0 ,0.0 ,0.0 ,0.0 ,0.0 ,3,3,2.225
0.0 ,0.0 ,57.6 ,0.0 ,7.4 ,0.0 ,0.0 ,0.0 ,0.0 ,0.0 ,0.0 ,36.0 ,1.434,1.877,0.067
0.0 ,41.2 ,0.0 ,0.0 ,10.7 ,0.0 ,0.0 ,0.0 ,0.0 ,8.9 ,0.0 ,40.3 ,2.967,3,0.188
0.0 ,0.0 ,16.1 ,0.0 ,0.0 ,0.0 ,8.4 ,3.9 ,16.8 ,14.6 ,0.0 ,41.1 ,1.672,2.273,0.098
0.0 ,0.0 ,0.0 ,0.0 ,8.1 ,0.0 ,0.0 ,0.0 ,53.8 ,0.0 ,0.0 ,39.2 ,1.832,2.618,0.042
0.0 ,0.0 ,0.0 ,0.0 ,8.1 ,0.0 ,0.0 ,0.0 ,0.0 ,26.0 ,27.6 ,39.3 ,2.557,2.857,0.103
0.0 ,0.0 ,47.6 ,0.0 ,8.3 ,0.0 ,12.9 ,0.0 ,0.0 ,0.0 ,0.0 ,32.2 ,1.248,1.553,0.063
0.0 ,0.0 ,0.0 ,0.0 ,10.2 ,0.0 ,0.0 ,10.4 ,23.1 ,14.6 ,0.0 ,42.7 ,1.853,2.316,0.077
0.0 ,0.0 ,0.0 ,0.0 ,10.9 ,0.0 ,0.0 ,16.6 ,1.6 ,28.7 ,0.0 ,43.2 ,1.392,1.642,0.068
0.0 ,0.0 ,43.6 ,9.9 ,11.0 ,0.0 ,0.0 ,0.0 ,0.0 ,0.0 ,0.0 ,36.4 ,1.18,1.371,0.066
3.5 ,0.0 ,0.0 ,24.7 ,25.8 ,0.0 ,0.0 ,0.0 ,0.0 ,0.0 ,0.0 ,47.1 ,1.431,1.42,0.06
0.0 ,0.0 ,0.0 ,13.2 ,9.4 ,0.0 ,0.0 ,0.0 ,0.0 ,35.5 ,0.0 ,42.9 ,1.592,1.907,0.111
0.0 ,0.0 ,0.0 ,0.0 ,10.1 ,0.0 ,0.0 ,12.2 ,0.0 ,40.2 ,0.0 ,38.6 ,1.3,1.63,0.032
3.2 ,7.6 ,15.7 ,0.0 ,9.5 ,4.5 ,4.4 ,3.5 ,15.2 ,4.3 ,4.4 ,27.8 ,1.104,1.423,0.059
0.0 ,0.0 ,0.0 ,0.0 ,13.2 ,0.0 ,12.9 ,0.0 ,39.2 ,0.0 ,0.0 ,35.6 ,2.058,3.024,0.103
0.0 ,0.0 ,0.0 ,0.0 ,5.5 ,0.0 ,0.0 ,0.0 ,0.0 ,60.6 ,0.0 ,34.9 ,1.581,2.02,0.084
0.0 ,0.0 ,0.0 ,7.4 ,11.9 ,0.0 ,0.0 ,9.6 ,0.0 ,35.7 ,0.0 ,36.3 ,0.961,1.038,0.068
0.0 ,0.0 ,24.2 ,7.4 ,11.8 ,0.0 ,0.0 ,12.8 ,0.0 ,9.3 ,0.0 ,35.5 ,0.978,1.09,0.064
0.0 ,0.0 ,33.2 ,0.0 ,0.0 ,0.0 ,0.0 ,8.8 ,0.0 ,18.7 ,0.0 ,40.3 ,1.425,1.799,0.049
10.7 ,0.0 ,0.0 ,12.1 ,27.5 ,0.0 ,0.0 ,0.0 ,0.0 ,0.0 ,2.6 ,48.0 ,2.222,2.271,0.249
0.0 ,0.0 ,46.6 ,0.0 ,4.5 ,0.0 ,0.0 ,0.0 ,0.0 ,0.0 ,15.0 ,34.9 ,1.312,1.874,0.025
0.0 ,0.0 ,0.0 ,0.0 ,14.9 ,0.0 ,8.7 ,0.0 ,44.5 ,0.0 ,0.0 ,32.9 ,1.748,2.476,0.071
0.0 ,0.0 ,0.0 ,0.0 ,5.8 ,0.0 ,0.0 ,0.0 ,11.1 ,43.0 ,0.0 ,41.0 ,1.847,2.549,0.08
0.0 ,0.0 ,0.0 ,0.0 ,0.0 ,0.0 ,0.0 ,0.0 ,8.0 ,45.6 ,0.0 ,47.3 ,2.19,2.841,0.1
12.5 ,0.0 ,0.0 ,14.7 ,29.0 ,0.0 ,0.0 ,0.0 ,0.0 ,0.0 ,0.0 ,44.8 ,2.857,3.46,0.161
8.0 ,0.0 ,0.0 ,4.6 ,28.6 ,0.0 ,3.6 ,0.0 ,0.0 ,0.0 ,9.2 ,47.1 ,0.05,0.048,0.043
0.0 ,29.9 ,0.0 ,3.3 ,9.3 ,0.0 ,0.0 ,6.6 ,14.4 ,0.0 ,0.0 ,37.5 ,2.12,3,0.063
0.0 ,0.0 ,10.5 ,0.0 ,5.9 ,0.0 ,50.4 ,0.0 ,0.0 ,0.0 ,0.0 ,34.1 ,2.058,2.965,0.118
0.0 ,0.0 ,0.0 ,0.0 ,0.0 ,0.0 ,54.5 ,1.0 ,5.9 ,0.0 ,0.0 ,39.5 ,2.452,3,0.062
0.0 ,0.0 ,0.0 ,0.0 ,15.4 ,0.0 ,0.0 ,0.0 ,22.5 ,27.8 ,0.0 ,35.3 ,1.933,2.532,0.084
0.0 ,0.0 ,0.0 ,2.8 ,31.3 ,0.0 ,0.0 ,0.0 ,0.0 ,0.0 ,20.4 ,46.5 ,0.04,0.04,0.042
0.0 ,0.0 ,38.7 ,0.0 ,12.5 ,0.0 ,0.0 ,16.5 ,0.0 ,0.0 ,0.0 ,33.3 ,0.9,1.203,0.058
10.4 ,5.9 ,2.2 ,3.1 ,8.0 ,6.2 ,2.9 ,8.7 ,5.2 ,7.3 ,5.8 ,34.9 ,1.139,1.302,0.077
0.0 ,0.0 ,40.6 ,0.0 ,8.5 ,0.0 ,0.0 ,0.0 ,0.0 ,10.1 ,0.0 ,41.8 ,2.618,3,0.11
0.0 ,0.0 ,20.4 ,8.7 ,10.9 ,0.0 ,0.0 ,0.0 ,0.0 ,19.7 ,0.0 ,41.4 ,1.669,2.131,0.057
0.0 ,0.0 ,0.0 ,0.0 ,9.4 ,0.0 ,0.0 ,8.9 ,42.5 ,1.9 ,0.0 ,38.2 ,1.56,2.02,0.108
0.0 ,0.0 ,0.0 ,0.0 ,14.8 ,0.0 ,0.0 ,10.4 ,39.4 ,0.0 ,0.0 ,36.4 ,1.381,1.567,0.032
1.1 ,0.7 ,0.0 ,0.0 ,10.9 ,0.0 ,23.9 ,0.0 ,0.0 ,18.7 ,0.0 ,43.7 ,3.481,3,0.165
0.0 ,0.0 ,0.0 ,4.7 ,12.9 ,0.0 ,20.3 ,16.1 ,0.0 ,0.0 ,13.4 ,33.6 ,0.817,0.804,0.06
0.0 ,0.0 ,0.0 ,0.0 ,14.0 ,0.0 ,0.0 ,16.4 ,0.0 ,30.3 ,0.0 ,40.3 ,1.191,1.352,0.071
0.0 ,0.0 ,0.0 ,0.0 ,5.2 ,0.0 ,0.0 ,3.2 ,44.6 ,0.0 ,9.6 ,38.4 ,1.733,2.185,0.083
10.8 ,0.0 ,0.0 ,0.0 ,10.8 ,0.0 ,0.0 ,19.1 ,0.0 ,0.0 ,27.3 ,33.0 ,1.44,1.543,0.082
0.0 ,0.0 ,31.4 ,12.0 ,11.4 ,0.0 ,0.0 ,7.8 ,0.0 ,0.0 ,0.0 ,38.3 ,0.892,0.947,0.037
0.0 ,0.0 ,0.0 ,4.3 ,12.9 ,0.0 ,0.0 ,0.0 ,0.0 ,29.0 ,22.4 ,32.4 ,1.648,1.984,0.119
0.0 ,0.0 ,0.0 ,5.2 ,12.9 ,0.0 ,0.0 ,10.9 ,33.6 ,0.0 ,0.0 ,38.4 ,1.178,1.264,0.032
0.0 ,0.0 ,0.0 ,0.0 ,9.0 ,0.0 ,0.0 ,0.0 ,0.0 ,23.3 ,35.8 ,32.9 ,2.352,2.693,0.087
2.8 ,0.3 ,7.0 ,10.8 ,10.7 ,15.4 ,0.6 ,10.4 ,2.4 ,4.1 ,0.1 ,34.8 ,1.102,1.001,0.088
0.0 ,19.9 ,0.0 ,0.0 ,7.8 ,0.0 ,0.0 ,0.0 ,23.4 ,8.1 ,0.0 ,41.8 ,2.75,3,0.142
0.0 ,0.0 ,0.0 ,7.7 ,19.0 ,0.0 ,0.0 ,0.0 ,10.8 ,30.1 ,0.0 ,33.4 ,1.466,1.649,0.068
0.0 ,0.0 ,14.0 ,10.4 ,16.2 ,0.0 ,0.0 ,0.0 ,0.0 ,27.6 ,0.0 ,32.7 ,1.136,1.181,0.066
0.0 ,27.6 ,19.0 ,3.6 ,11.2 ,0.0 ,0.0 ,0.0 ,0.0 ,0.0 ,0.0 ,39.6 ,2.794,3,0.092
19.0 ,0.0 ,0.0 ,4.7 ,8.5 ,0.0 ,0.0 ,0.0 ,0.0 ,33.7 ,0.0 ,35.1 ,2.029,2.517,0.128
0.0 ,0.0 ,0.0 ,0.0 ,6.8 ,0.0 ,0.0 ,6.6 ,37.4 ,8.5 ,0.0 ,41.7 ,1.804,2.314,0.044
0.0 ,0.0 ,0.0 ,28.2 ,25.7 ,0.0 ,0.0 ,0.0 ,0.0 ,0.0 ,0.0 ,47.1 ,1.21,1.052,0.078
5.8 ,0.0 ,0.0 ,0.0 ,5.0 ,0.0 ,21.5 ,0.0 ,33.2 ,0.0 ,0.0 ,35.4 ,1.865,2.771,0.074
5.1 ,0.0 ,0.0 ,0.0 ,2.8 ,0.0 ,0.0 ,1.4 ,48.6 ,0.0 ,7.1 ,36.0 ,1.897,2.59,0.075
0.0 ,0.0 ,0.0 ,0.0 ,15.0 ,0.0 ,0.0 ,0.0 ,0.0 ,46.7 ,0.0 ,39.3 ,2.746,3,0.125
0.0 ,0.0 ,34.2 ,6.9 ,11.3 ,0.0 ,0.0 ,7.9 ,0.0 ,0.0 ,0.0 ,40.7 ,1.238,1.485,0.075
0.0 ,21.1 ,0.0 ,4.9 ,11.2 ,0.0 ,0.0 ,0.0 ,0.0 ,23.2 ,0.0 ,40.6 ,2.218,2.8,0.069
0.0 ,0.0 ,0.0 ,0.0 ,10.8 ,0.0 ,0.0 ,0.0 ,59.3 ,0.0 ,0.0 ,30.9 ,1.72,2.153,0.112
9.2 ,0.0 ,0.0 ,1.3 ,8.7 ,0.0 ,0.0 ,0.0 ,24.0 ,12.0 ,15.2 ,30.7 ,1.817,2.184,0.041
0.0 ,0.0 ,0.0 ,6.1 ,14.8 ,0.0 ,0.0 ,0.0 ,5.5 ,38.3 ,0.0 ,36.4 ,1.704,1.874,0.081
0.0 ,0.0 ,0.0 ,11.0 ,10.8 ,0.0 ,0.0 ,0.0 ,43.8 ,0.0 ,0.0 ,35.4 ,1.191,1.315,0.063
0.0 ,0.0 ,0.0 ,0.0 ,6.9 ,0.0 ,0.0 ,14.9 ,20.6 ,17.5 ,0.0 ,41.1 ,1.256,1.591,0.067
0.0 ,0.0 ,0.0 ,7.7 ,10.5 ,0.0 ,0.0 ,11.0 ,0.0 ,30.7 ,0.0 ,41.1 ,1.1,1.244,0.068
0.0 ,0.0 ,0.0 ,10.8 ,12.1 ,0.0 ,21.6 ,16.1 ,0.0 ,0.0 ,0.0 ,40.4 ,0.874,0.94,0.067
17.5 ,0.0 ,0.0 ,0.0 ,6.9 ,0.0 ,0.0 ,6.2 ,3.3 ,0.0 ,34.2 ,32.9 ,2.332,3,0.071
0.0 ,0.0 ,0.0 ,7.3 ,27.9 ,0.0 ,0.0 ,0.0 ,14.9 ,0.0 ,4.5 ,46.4 ,0.397,0.378,0.109
0.0 ,0.0 ,0.0 ,2.9 ,14.4 ,0.0 ,0.0 ,0.0 ,0.0 ,15.7 ,35.4 ,32.6 ,2.237,3.039,0.051
0.0 ,0.0 ,0.0 ,0.0 ,3.8 ,0.0 ,0.0 ,0.0 ,0.0 ,51.6 ,0.0 ,45.6 ,2.536,3.139,0.095
0.0 ,0.0 ,0.0 ,0.0 ,6.5 ,0.0 ,0.0 ,0.0 ,0.0 ,41.3 ,18.1 ,35.0 ,2.093,3.042,0.079
0.0 ,0.0 ,0.0 ,1.8 ,14.9 ,0.0 ,0.0 ,0.0 ,0.0 ,25.7 ,29.2 ,29.4 ,1.785,2.292,0.078
0.0 ,0.0 ,24.4 ,16.3 ,10.9 ,0.0 ,0.0 ,10.7 ,0.0 ,0.0 ,0.0 ,38.6 ,0.703,0.67,0.057
3.3 ,0.0 ,0.0 ,0.0 ,12.7 ,0.0 ,0.0 ,0.0 ,22.4 ,0.0 ,31.0 ,31.7 ,2.369,3,0.106
0.0 ,0.0 ,0.0 ,0.0 ,6.4 ,0.0 ,25.3 ,0.0 ,5.0 ,26.6 ,0.0 ,37.6 ,1.757,2.57,0.061
